,ID_ANONIMO,CR,PERIODO,INGRESSO,CODIGO,ANO,PERIODO.1,NOTA,CH,SITUACAOALUNO
29324,190493.0,0.8987,10,02/03/17,EEX23,2022,1,9.7,45,Formado
29325,190493.0,0.8987,10,02/03/17,CSR42,2022,2,10.0,60,Formado
29326,190493.0,0.8987,10,02/03/17,CSX54,2020,1,9.5,400,Formado
29327,190493.0,0.8987,10,02/03/17,FI74S,2018,2,8.5,60,Formado
29328,190493.0,0.8987,10,02/03/17,ELF51,2021,1,10.0,60,Formado
29329,190493.0,0.8987,10,02/03/17,ELTA4,2021,2,10.0,60,Formado
29330,190493.0,0.8987,10,02/03/17,ELF62,2020,2,10.0,60,Formado
29331,190493.0,0.8987,10,02/03/17,ELTA1,2023,1,8.3,30,Formado
29332,190493.0,0.8987,10,02/03/17,EEQ32,2021,1,10.0,45,Formado
29333,190493.0,0.8987,10,02/03/17,EEQ32,2020,1,-1.0,45,Formado
29334,190493.0,0.8987,10,02/03/17,EEY41,2023,1,8.3,30,Formado
29335,190493.0,0.8987,10,02/03/17,FI74N,2018,2,6.8,30,Formado
29336,190493.0,0.8987,10,02/03/17,EEX22,2021,1,9.9,45,Formado
29337,190493.0,0.8987,10,02/03/17,EEX22,2020,1,-1.0,45,Formado
29338,190493.0,0.8987,10,02/03/17,EEE31,2019,1,8.6,60,Formado
29339,190493.0,0.8987,10,02/03/17,CSW30,2019,1,8.9,60,Formado
29340,190493.0,0.8987,10,02/03/17,CSW41,2020,1,9.0,60,Formado
29341,190493.0,0.8987,10,02/03/17,EEX11,2017,2,10.0,45,Formado
29342,190493.0,0.8987,10,02/03/17,CSX43,2023,1,9.0,30,Formado
29343,190493.0,0.8987,10,02/03/17,EEF11,2018,2,9.8,30,Formado
29344,190493.0,0.8987,10,02/03/17,MA72A,2017,2,9.0,60,Formado
29345,190493.0,0.8987,10,02/03/17,GE70D,2021,2,9.5,30,Formado
29346,190493.0,0.8987,10,02/03/17,ES70P,2020,2,8.2,45,Formado
29347,190493.0,0.8987,10,02/03/17,ES70P,2020,1,-1.0,45,Formado
29348,190493.0,0.8987,10,02/03/17,GE70H,2021,2,8.0,30,Formado
29349,190493.0,0.8987,10,02/03/17,FI74M,2018,2,8.5,60,Formado
29350,190493.0,0.8987,10,02/03/17,DI81A,2023,1,9.7,60,Formado
29351,190493.0,0.8987,10,02/03/17,DI81B,2022,1,10.0,30,Formado
29352,190493.0,0.8987,10,02/03/17,MA70G,2018,1,7.9,60,Formado
29353,190493.0,0.8987,10,02/03/17,MA70H,2018,1,9.1,60,Formado
29354,190493.0,0.8987,10,02/03/17,MA73A,2018,1,9.1,60,Formado
29355,190493.0,0.8987,10,02/03/17,MA71A,2017,1,8.0,90,Formado
29356,190493.0,0.8987,10,02/03/17,FI72M,2017,2,9.5,60,Formado
29357,190493.0,0.8987,10,02/03/17,QB70C,2017,2,9.0,75,Formado
29358,190493.0,0.8987,10,02/03/17,ES70G,2019,1,10.0,45,Formado
29361,190493.0,0.8987,10,02/03/17,EL68A,2020,1,-1.0,60,Formado
29362,190493.0,0.8987,10,02/03/17,MA71B,2017,1,8.1,90,Formado
29363,190493.0,0.8987,10,02/03/17,CSR30,2020,2,9.7,45,Formado
29364,190493.0,0.8987,10,02/03/17,CSR30,2020,1,-1.0,45,Formado
29365,190493.0,0.8987,10,02/03/17,CSS30,2022,1,7.5,60,Formado
29366,190493.0,0.8987,10,02/03/17,CSE20,2017,2,7.8,60,Formado
29367,190493.0,0.8987,10,02/03/17,CSF20,2017,2,9.4,45,Formado
29368,190493.0,0.8987,10,02/03/17,CSD20,2017,1,9.1,45,Formado
29369,190493.0,0.8987,10,02/03/17,CSF13,2017,1,8.7,90,Formado
29370,190493.0,0.8987,10,02/03/17,FI73M,2018,1,9.2,60,Formado
29371,190493.0,0.8987,10,02/03/17,CSD21,2018,2,8.5,45,Formado
29372,190493.0,0.8987,10,02/03/17,CSF30,2018,1,9.2,45,Formado
29373,190493.0,0.8987,10,02/03/17,CSB30,2019,1,9.0,60,Formado
29374,190493.0,0.8987,10,02/03/17,CSA30,2019,1,6.9,45,Formado
29375,190493.0,0.8987,10,02/03/17,FI71M,2017,1,8.3,60,Formado
29376,190493.0,0.8987,10,02/03/17,FI72N,2017,2,8.4,30,Formado
29377,190493.0,0.8987,10,02/03/17,QB70E,2022,1,9.0,30,Formado
29378,190493.0,0.8987,10,02/03/17,EEB22,2018,2,8.7,45,Formado
29379,190493.0,0.8987,10,02/03/17,FI72S,2017,2,9.5,60,Formado
29380,190493.0,0.8987,10,02/03/17,FI73S,2018,1,9.2,60,Formado
29381,190493.0,0.8987,10,02/03/17,CSR41,2022,2,9.4,60,Formado
29382,190493.0,0.8987,10,02/03/17,EEF21,2019,1,10.0,30,Formado
29383,190493.0,0.8987,10,02/03/17,CSX53,2023,1,0.0,180,Formado
29384,190493.0,0.8987,10,02/03/17,EEF31,2022,1,10.0,30,Formado
29385,190493.0,0.8987,10,02/03/17,EEY44,2021,2,10.0,60,Formado
29386,190493.0,0.8987,10,02/03/17,CSE30,2019,2,8.5,60,Formado
29387,190493.0,0.8987,10,02/03/17,CSG20,2019,1,9.8,45,Formado
29388,190493.0,0.8987,10,02/03/17,CSA31,2019,2,9.8,45,Formado
29389,190493.0,0.8987,10,02/03/17,CSW42,2021,1,9.2,60,Formado
29390,190493.0,0.8987,10,02/03/17,EEB21,2018,1,9.9,45,Formado
29391,190493.0,0.8987,10,02/03/17,EEC31,2022,2,7.2,30,Formado
29392,190493.0,0.8987,10,02/03/17,CSO30,2019,2,9.1,60,Formado
29393,190493.0,0.8987,10,02/03/17,EL77A,2022,2,7.2,60,Formado
29394,190493.0,0.8987,10,02/03/17,EEX21,2018,1,10.0,45,Formado
29395,190493.0,0.8987,10,02/03/17,EEC21,2020,2,10.0,60,Formado
29396,190493.0,0.8987,10,02/03/17,EEC21,2020,1,-1.0,60,Formado
29397,190493.0,0.8987,10,02/03/17,ED70T,2019,2,9.6,30,Formado
29398,190493.0,0.8987,10,02/03/17,FI71S,2017,1,8.3,60,Formado
29399,190493.0,0.8987,10,02/03/17,EEE32,2019,2,7.3,60,Formado
29400,190493.0,0.8987,10,02/03/17,CSR31,2019,1,9.0,30,Formado
29401,190493.0,0.8987,10,02/03/17,EEQ31,2018,2,9.6,75,Formado
29402,190493.0,0.8987,10,02/03/17,CSW40,2019,2,8.2,60,Formado
29403,190493.0,0.8987,10,02/03/17,EEB31,2018,2,8.7,90,Formado
29404,190493.0,0.8987,10,02/03/17,CSV30,2021,2,9.4,60,Formado
29405,190493.0,0.8987,10,02/03/17,CSX42,2022,2,10.0,30,Formado
29406,190493.0,0.8987,10,02/03/17,CSI30,2020,2,9.7,45,Formado
29407,190493.0,0.8987,10,02/03/17,CSI30,2020,1,-1.0,45,Formado
